TOKEN,day1,day2,day3,day4,day5,day6,day7,day8,day9,day10,day11,day12,day13,day14,day15,day16,day17,day18,day19,day20,day21,day22,day23,day24,day25,day26,day27,day28,day29,day30,day31
1,AB,AB,AB,AB,AB,AB,AB,AB,AB,AB,AB,AB,AB,AB,AB,AB,AB,AB,AB,AB,AB,AB,AB,AB,AB,AB,AB,AB,AB,AB,AB
2,PR,PR,AB,PR,PR,PR,AB,PR,PR,AB,PR,PR,PR,PR,PR,AB,AB,PR,PR,PR,PR,HD,HD,AB,AB,PR,HD,HD,PR,PR,AB
3,PR,PR,AB,PR,PR,PR,PR,HD,PR,HD,PR,PR,PR,PR,PR,PR,AB,PR,PR,PR,PR,PR,PR,AB,PR,PR,PR,PR,PR,PR,AB
4,AB,AB,AB,AB,AB,AB,AB,AB,AB,AB,AB,AB,AB,AB,AB,AB,AB,AB,AB,AB,AB,AB,AB,AB,AB,AB,AB,AB,AB,AB,AB
6,AB,AB,AB,AB,AB,AB,AB,AB,AB,AB,AB,AB,AB,AB,AB,AB,AB,AB,AB,AB,AB,AB,AB,AB,AB,AB,AB,AB,AB,AB,AB
7,PR,PR,AB,PR,PR,PR,PR,PR,PR,PR,PR,PR,PR,PR,PR,AB,PR,PR,PR,PR,PR,AB,HD,AB,AB,PR,PR,PR,PR,PR,AB
8,AB,AB,AB,AB,AB,AB,AB,AB,AB,AB,AB,AB,AB,AB,AB,AB,AB,AB,AB,AB,AB,AB,AB,AB,AB,AB,AB,AB,AB,AB,AB
9,PR,HD,AB,PR,PR,PR,AB,PR,AB,HD,PR,PR,PR,PR,PR,PR,HD,AB,AB,PR,PR,PR,PR,AB,PR,PR,PR,PR,PR,PR,PR
10,PR,PR,PR,AB,AB,PR,PR,AB,HD,HD,PR,HD,AB,AB,PR,HD,HD,PR,PR,PR,HD,PR,PR,AB,PR,PR,PR,AB,AB,PR,AB
11,PR,AB,PR,PR,PR,PR,AB,AB,PR,HD,PR,PR,PR,PR,AB,PR,PR,AB,PR,PR,PR,PR,AB,AB,PR,PR,PR,PR,PR,AB,AB
12,AB,AB,AB,AB,AB,AB,AB,AB,AB,AB,AB,AB,AB,AB,AB,AB,AB,AB,AB,AB,AB,AB,AB,AB,AB,AB,AB,AB,AB,AB,AB
14,PR,PR,PR,PR,PR,PR,PR,PR,PR,AB,PR,PR,PR,PR,PR,PR,AB,PR,PR,PR,PR,PR,PR,PR,PR,PR,AB,PR,PR,PR,AB
15,AB,AB,AB,AB,AB,AB,AB,AB,AB,AB,AB,AB,AB,AB,AB,AB,AB,AB,AB,AB,AB,AB,AB,AB,AB,AB,AB,AB,AB,AB,AB
16,PR,AB,AB,AB,AB,AB,AB,AB,PR,PR,PR,PR,PR,PR,PR,PR,PR,PR,PR,PR,PR,PR,PR,PR,PR,PR,PR,PR,PR,PR,PR
20,AB,AB,AB,AB,AB,AB,AB,AB,AB,AB,AB,AB,AB,AB,AB,AB,AB,AB,AB,AB,AB,AB,AB,AB,AB,AB,AB,AB,AB,AB,AB
22,AB,AB,AB,AB,AB,AB,AB,AB,AB,AB,AB,AB,AB,AB,AB,AB,AB,AB,AB,AB,AB,AB,AB,AB,AB,AB,AB,AB,AB,AB,AB
23,AB,AB,AB,AB,AB,AB,AB,AB,AB,AB,AB,AB,AB,AB,AB,AB,AB,AB,AB,AB,AB,AB,AB,AB,AB,AB,AB,AB,AB,AB,AB
27,PR,PR,PR,PR,PR,PR,PR,PR,PR,PR,PR,PR,PR,PR,PR,PR,PR,PR,PR,PR,PR,PR,PR,PR,PR,PR,PR,PR,PR,AB,AB
28,PR,PR,PR,PR,PR,PR,AB,AB,AB,AB,AB,AB,AB,AB,AB,AB,AB,AB,AB,AB,AB,AB,AB,AB,AB,AB,AB,AB,AB,AB,AB
29,PR,PR,PR,PR,PR,HD,AB,AB,AB,AB,AB,AB,AB,AB,AB,AB,AB,AB,AB,AB,AB,AB,AB,AB,AB,AB,AB,AB,AB,AB,AB
31,AB,AB,AB,AB,AB,AB,AB,AB,AB,AB,AB,AB,AB,AB,AB,AB,AB,AB,AB,AB,AB,AB,AB,AB,AB,AB,AB,AB,AB,AB,AB
33,AB,AB,AB,AB,AB,AB,AB,AB,AB,AB,AB,AB,AB,AB,AB,AB,AB,AB,AB,AB,AB,AB,AB,AB,AB,AB,AB,AB,AB,AB,AB
36,PR,PR,HD,PR,PR,PR,PR,PR,PR,PR,PR,PR,AB,PR,PR,AB,PR,AB,PR,PR,PR,PR,PR,AB,AB,AB,AB,AB,AB,AB,AB
37,AB,AB,AB,AB,AB,AB,AB,AB,AB,AB,AB,AB,AB,AB,AB,AB,AB,AB,AB,AB,AB,AB,AB,AB,AB,AB,AB,AB,AB,AB,AB
38,AB,AB,AB,AB,AB,AB,AB,AB,AB,AB,AB,AB,AB,AB,AB,AB,AB,AB,AB,AB,AB,AB,AB,AB,AB,AB,AB,AB,AB,AB,AB
39,AB,AB,AB,AB,AB,AB,AB,AB,AB,AB,AB,AB,AB,AB,AB,AB,AB,AB,AB,AB,AB,AB,AB,AB,AB,AB,AB,AB,AB,AB,AB
44,AB,AB,AB,AB,AB,AB,AB,AB,AB,AB,AB,AB,AB,AB,AB,AB,AB,AB,AB,AB,AB,AB,AB,AB,AB,AB,AB,AB,AB,AB,AB
47,AB,AB,AB,PR,PR,PR,HD,PR,PR,AB,PR,PR,PR,AB,AB,AB,AB,PR,PR,PR,PR,PR,PR,AB,PR,PR,PR,PR,HD,PR,AB
50,PR,AB,AB,PR,PR,AB,PR,PR,AB,AB,AB,AB,PR,PR,PR,PR,PR,PR,PR,HD,AB,AB,PR,PR,PR,PR,PR,PR,PR,AB,PR
51,AB,PR,PR,AB,PR,PR,PR,HD,PR,PR,PR,PR,PR,PR,PR,PR,PR,AB,PR,PR,PR,PR,PR,PR,PR,PR,PR,PR,AB,AB,PR
52,PR,PR,AB,PR,PR,PR,PR,PR,PR,AB,PR,PR,PR,PR,PR,PR,AB,PR,PR,PR,PR,PR,PR,AB,PR,PR,PR,PR,PR,PR,AB
53,AB,AB,AB,AB,AB,AB,AB,AB,AB,AB,AB,AB,AB,AB,AB,AB,AB,AB,AB,AB,AB,AB,AB,AB,AB,AB,AB,AB,AB,AB,AB
54,PR,PR,PR,PR,AB,PR,PR,PR,PR,PR,PR,AB,PR,PR,PR,PR,PR,PR,AB,PR,PR,PR,PR,PR,PR,AB,PR,PR,PR,PR,AB
55,AB,PR,PR,PR,PR,PR,PR,AB,PR,PR,HD,PR,PR,PR,AB,PR,PR,PR,PR,PR,PR,PR,AB,PR,PR,PR,PR,PR,AB,PR,PR
57,PR,PR,AB,PR,PR,PR,PR,PR,PR,AB,PR,PR,AB,PR,PR,PR,PR,AB,PR,PR,PR,PR,PR,AB,PR,PR,PR,PR,PR,PR,AB
58,PR,PR,PR,PR,PR,PR,AB,PR,PR,PR,PR,PR,PR,AB,PR,PR,PR,PR,PR,AB,PR,PR,AB,PR,PR,PR,AB,PR,PR,PR,PR
62,AB,AB,AB,AB,AB,AB,AB,AB,AB,AB,AB,AB,AB,AB,AB,AB,AB,AB,AB,AB,AB,AB,AB,AB,AB,AB,AB,AB,AB,AB,AB
63,PR,PR,PR,PR,PR,PR,PR,PR,PR,AB,PR,PR,PR,PR,PR,AB,PR,PR,PR,PR,PR,PR,PR,PR,PR,PR,AB,AB,PR,PR,AB
65,PR,PR,AB,PR,PR,PR,PR,PR,PR,AB,PR,PR,PR,PR,PR,PR,PR,PR,PR,PR,PR,PR,PR,AB,PR,PR,PR,PR,PR,PR,AB
66,HD,PR,PR,PR,PR,PR,PR,PR,PR,PR,PR,PR,PR,HD,PR,PR,PR,HD,AB,PR,PR,PR,PR,PR,HD,PR,PR,PR,PR,PR,AB
67,PR,PR,HD,PR,PR,PR,AB,AB,PR,PR,PR,PR,HD,PR,PR,PR,HD,PR,PR,PR,HD,PR,AB,AB,PR,PR,PR,PR,PR,PR,PR
68,PR,HD,PR,PR,PR,PR,AB,PR,PR,AB,PR,PR,PR,PR,PR,AB,AB,PR,PR,PR,PR,PR,PR,AB,PR,PR,PR,PR,PR,PR,AB
71,AB,AB,AB,AB,AB,AB,AB,AB,AB,AB,AB,AB,AB,AB,AB,AB,AB,AB,AB,AB,AB,AB,AB,AB,AB,AB,AB,AB,AB,AB,AB
73,AB,AB,AB,AB,AB,AB,AB,AB,AB,AB,AB,AB,AB,AB,AB,AB,AB,AB,AB,AB,AB,AB,AB,AB,AB,AB,AB,AB,AB,AB,AB
78,PR,PR,PR,PR,PR,AB,PR,PR,HD,PR,PR,PR,PR,PR,AB,PR,PR,PR,AB,PR,PR,PR,PR,PR,PR,AB,AB,AB,PR,PR,PR
83,AB,AB,AB,AB,AB,AB,AB,AB,AB,AB,AB,AB,AB,AB,AB,AB,AB,AB,AB,AB,AB,AB,AB,AB,AB,AB,AB,AB,AB,AB,AB
84,AB,AB,AB,AB,AB,AB,AB,AB,AB,AB,AB,AB,AB,AB,AB,AB,AB,AB,AB,AB,AB,AB,AB,AB,AB,AB,AB,AB,AB,AB,AB
85,AB,AB,AB,AB,AB,AB,AB,AB,AB,AB,AB,AB,AB,AB,AB,AB,AB,AB,AB,AB,AB,AB,AB,AB,AB,AB,AB,AB,AB,AB,AB
88,PR,PR,PR,PR,PR,PR,PR,PR,AB,PR,PR,AB,AB,AB,AB,AB,AB,AB,AB,AB,AB,AB,AB,AB,AB,AB,AB,AB,AB,AB,AB
92,PR,PR,PR,PR,PR,PR,PR,PR,PR,PR,PR,PR,PR,PR,PR,PR,PR,PR,PR,PR,PR,PR,PR,PR,PR,PR,PR,PR,PR,PR,AB
93,AB,AB,AB,AB,AB,AB,AB,AB,AB,AB,AB,AB,AB,AB,AB,AB,AB,AB,AB,AB,AB,AB,AB,AB,AB,AB,AB,AB,AB,AB,AB
95,PR,PR,AB,PR,PR,PR,AB,PR,PR,PR,AB,PR,PR,PR,PR,PR,PR,PR,PR,PR,PR,PR,PR,PR,PR,PR,PR,PR,PR,PR,AB
102,PR,PR,PR,PR,PR,AB,PR,PR,PR,PR,PR,PR,PR,PR,PR,PR,PR,PR,AB,PR,PR,PR,PR,AB,PR,PR,PR,PR,PR,HD,AB
103,AB,AB,AB,AB,AB,AB,AB,AB,AB,AB,AB,AB,AB,AB,AB,AB,AB,AB,AB,AB,AB,AB,AB,AB,AB,AB,AB,AB,AB,AB,AB
104,AB,AB,AB,AB,AB,AB,AB,AB,AB,AB,AB,AB,AB,AB,AB,AB,AB,AB,AB,AB,AB,AB,AB,AB,AB,AB,AB,AB,AB,AB,AB
106,AB,AB,AB,AB,AB,AB,AB,AB,AB,AB,AB,AB,AB,AB,AB,AB,AB,AB,AB,AB,AB,AB,AB,AB,AB,AB,AB,AB,AB,AB,AB
112,AB,AB,AB,AB,AB,AB,AB,AB,AB,AB,AB,AB,AB,AB,AB,AB,AB,AB,AB,AB,AB,AB,AB,AB,AB,AB,AB,AB,AB,AB,AB
113,PR,PR,HD,PR,PR,PR,PR,PR,PR,PR,PR,PR,HD,AB,HD,AB,PR,HD,PR,PR,PR,PR,HD,PR,PR,PR,PR,PR,PR,PR,PR
116,AB,AB,AB,AB,AB,AB,AB,AB,AB,AB,AB,AB,AB,AB,AB,AB,AB,AB,AB,AB,AB,AB,AB,AB,AB,AB,AB,AB,AB,AB,AB
117,PR,PR,PR,AB,AB,PR,PR,PR,PR,PR,AB,PR,PR,PR,PR,PR,PR,AB,PR,PR,PR,PR,PR,PR,AB,PR,PR,PR,PR,PR,PR
118,PR,PR,PR,PR,PR,PR,PR,AB,PR,PR,AB,PR,PR,PR,PR,PR,PR,PR,PR,AB,PR,PR,PR,PR,PR,PR,PR,PR,PR,AB,AB
123,PR,PR,PR,PR,PR,PR,PR,PR,PR,PR,PR,AB,AB,AB,AB,AB,AB,AB,AB,AB,AB,AB,AB,AB,AB,AB,AB,AB,AB,AB,AB
124,AB,AB,AB,AB,AB,AB,AB,AB,AB,AB,AB,AB,AB,AB,AB,AB,AB,AB,AB,AB,AB,AB,AB,AB,AB,AB,AB,AB,AB,AB,AB
127,AB,AB,AB,AB,AB,AB,AB,AB,AB,AB,AB,AB,AB,AB,AB,AB,AB,AB,AB,AB,AB,AB,AB,AB,AB,AB,AB,AB,AB,AB,AB
128,AB,PR,PR,PR,PR,PR,PR,PR,PR,AB,PR,PR,AB,AB,PR,PR,AB,PR,PR,PR,PR,PR,PR,HD,PR,AB,HD,PR,PR,PR,AB
129,PR,PR,PR,PR,PR,PR,PR,PR,PR,HD,PR,PR,PR,PR,PR,PR,PR,PR,AB,AB,PR,PR,PR,PR,PR,PR,AB,HD,AB,AB,AB
130,PR,PR,PR,PR,PR,PR,AB,AB,PR,PR,PR,PR,PR,PR,PR,PR,AB,AB,AB,PR,PR,PR,PR,PR,AB,PR,PR,PR,PR,PR,PR
137,AB,AB,AB,AB,AB,AB,AB,AB,AB,AB,AB,AB,AB,AB,AB,AB,AB,AB,AB,AB,AB,AB,AB,AB,AB,AB,AB,AB,AB,AB,AB
501,HD,HD,AB,HD,HD,HD,AB,AB,AB,AB,AB,AB,AB,AB,AB,AB,AB,AB,AB,AB,AB,AB,AB,AB,HD,AB,HD,AB,HD,AB,AB
504,PR,PR,PR,PR,PR,PR,PR,AB,AB,AB,AB,AB,AB,PR,HD,PR,PR,PR,PR,PR,PR,PR,PR,PR,PR,PR,PR,PR,PR,PR,PR
509,PR,PR,PR,PR,AB,PR,AB,AB,PR,PR,PR,PR,PR,PR,PR,PR,AB,PR,PR,PR,PR,PR,PR,PR,PR,PR,PR,AB,PR,PR,AB
511,AB,AB,AB,AB,AB,AB,AB,AB,AB,AB,AB,AB,AB,AB,AB,AB,PR,PR,PR,PR,PR,AB,PR,PR,PR,PR,PR,PR,PR,PR,AB
518,AB,AB,AB,AB,AB,AB,AB,AB,AB,AB,AB,AB,AB,AB,AB,AB,AB,AB,AB,AB,AB,AB,AB,AB,AB,AB,AB,AB,AB,AB,AB
523,AB,AB,AB,AB,AB,AB,AB,AB,AB,AB,AB,AB,AB,AB,AB,AB,AB,AB,AB,AB,AB,AB,AB,AB,AB,AB,AB,AB,AB,AB,AB
531,AB,AB,AB,AB,AB,AB,AB,AB,AB,AB,AB,AB,AB,AB,AB,AB,AB,AB,AB,AB,AB,AB,AB,AB,AB,AB,AB,AB,AB,AB,AB
532,PR,PR,PR,PR,PR,PR,PR,PR,PR,AB,AB,PR,PR,PR,PR,PR,PR,AB,PR,PR,PR,PR,PR,PR,AB,PR,PR,PR,PR,PR,AB
533,AB,PR,PR,PR,PR,PR,PR,AB,PR,PR,PR,PR,PR,AB,PR,PR,PR,PR,PR,AB,AB,PR,PR,PR,PR,PR,AB,AB,PR,PR,PR
535,HD,PR,AB,PR,AB,AB,AB,AB,AB,AB,AB,AB,AB,AB,AB,AB,AB,AB,AB,AB,AB,AB,AB,AB,AB,AB,AB,AB,AB,AB,AB
538,AB,AB,AB,AB,AB,AB,AB,AB,AB,AB,AB,AB,AB,AB,AB,AB,AB,AB,AB,AB,AB,AB,AB,AB,AB,AB,AB,AB,AB,AB,AB
539,AB,AB,AB,AB,AB,AB,AB,AB,AB,AB,AB,AB,AB,AB,AB,AB,AB,AB,AB,AB,AB,AB,AB,AB,AB,AB,AB,AB,AB,AB,AB
540,AB,AB,AB,AB,AB,AB,AB,AB,AB,AB,AB,AB,AB,AB,AB,AB,AB,AB,AB,AB,AB,AB,AB,AB,AB,AB,AB,AB,AB,AB,AB
542,AB,PR,PR,PR,PR,PR,PR,AB,PR,PR,PR,HD,AB,PR,PR,PR,PR,PR,PR,AB,AB,PR,PR,PR,PR,PR,PR,AB,PR,PR,PR
543,AB,AB,AB,AB,AB,AB,AB,AB,AB,AB,AB,AB,AB,AB,AB,AB,AB,AB,AB,AB,AB,AB,AB,AB,AB,AB,AB,AB,AB,AB,AB
544,PR,AB,AB,PR,PR,PR,PR,PR,PR,HD,PR,HD,AB,AB,AB,PR,PR,PR,PR,PR,PR,PR,PR,AB,PR,PR,PR,PR,PR,PR,AB
549,PR,PR,PR,PR,PR,PR,PR,PR,PR,PR,PR,PR,PR,HD,AB,PR,AB,PR,PR,PR,AB,PR,PR,PR,PR,PR,HD,PR,PR,PR,AB
550,AB,AB,AB,AB,AB,AB,AB,AB,AB,AB,AB,AB,AB,AB,AB,AB,AB,AB,AB,AB,AB,AB,AB,AB,AB,AB,AB,AB,AB,AB,AB
551,AB,AB,AB,AB,AB,AB,AB,AB,AB,AB,AB,AB,AB,AB,AB,AB,AB,AB,AB,AB,AB,AB,AB,AB,AB,AB,AB,AB,AB,AB,AB
553,AB,AB,AB,AB,AB,AB,AB,AB,AB,AB,AB,AB,AB,AB,AB,AB,AB,AB,AB,AB,AB,AB,AB,AB,AB,AB,AB,AB,AB,AB,AB
555,AB,AB,AB,AB,AB,AB,AB,AB,AB,AB,AB,AB,AB,AB,AB,AB,AB,AB,AB,AB,AB,AB,AB,AB,AB,AB,AB,AB,AB,AB,AB
556,AB,AB,AB,AB,AB,AB,AB,AB,AB,AB,AB,AB,AB,AB,AB,AB,AB,AB,AB,AB,AB,AB,AB,AB,AB,AB,AB,AB,AB,AB,AB
559,PR,PR,AB,PR,PR,PR,PR,HD,PR,AB,PR,PR,AB,PR,PR,PR,AB,AB,PR,PR,PR,PR,HD,AB,PR,PR,PR,AB,PR,PR,AB
560,AB,AB,AB,AB,AB,AB,AB,AB,AB,AB,AB,AB,AB,AB,AB,AB,AB,AB,AB,AB,AB,AB,AB,AB,AB,AB,AB,AB,AB,AB,AB
563,AB,AB,AB,AB,AB,AB,AB,AB,AB,AB,AB,AB,AB,AB,AB,AB,AB,AB,AB,AB,AB,AB,AB,AB,AB,AB,AB,AB,AB,AB,AB
566,AB,AB,AB,AB,AB,AB,AB,AB,AB,AB,AB,AB,AB,AB,AB,AB,AB,AB,AB,AB,AB,AB,AB,AB,AB,AB,AB,AB,AB,AB,AB
567,AB,AB,AB,AB,AB,AB,AB,AB,AB,AB,AB,AB,AB,AB,AB,AB,AB,AB,AB,AB,AB,AB,AB,AB,AB,AB,AB,AB,AB,AB,AB
568,PR,PR,PR,AB,PR,PR,PR,PR,PR,AB,PR,AB,PR,PR,PR,PR,AB,PR,PR,AB,PR,PR,PR,AB,PR,PR,PR,PR,PR,PR,AB
570,AB,AB,AB,AB,AB,AB,AB,AB,AB,AB,AB,AB,AB,AB,AB,AB,AB,AB,AB,AB,AB,AB,AB,AB,AB,AB,AB,AB,AB,AB,AB
571,AB,AB,AB,AB,AB,AB,AB,AB,AB,AB,AB,AB,AB,AB,AB,AB,AB,AB,AB,AB,AB,AB,AB,AB,AB,AB,AB,AB,AB,AB,AB
573,PR,PR,AB,PR,PR,PR,PR,HD,PR,AB,PR,PR,PR,PR,PR,PR,AB,PR,PR,PR,PR,AB,AB,AB,PR,PR,PR,AB,PR,PR,AB
574,AB,AB,AB,AB,AB,AB,AB,AB,AB,AB,AB,AB,AB,AB,AB,AB,AB,AB,AB,AB,AB,AB,AB,AB,AB,AB,AB,AB,AB,AB,AB
575,PR,PR,AB,PR,PR,PR,PR,AB,PR,PR,PR,PR,PR,PR,AB,PR,HD,PR,PR,PR,PR,PR,PR,HD,PR,PR,PR,PR,PR,PR,AB
576,AB,AB,AB,AB,AB,AB,AB,AB,AB,AB,AB,AB,AB,AB,AB,AB,AB,AB,AB,AB,AB,AB,AB,AB,AB,AB,AB,AB,AB,AB,AB
577,AB,AB,AB,AB,AB,AB,AB,AB,AB,AB,AB,AB,AB,AB,AB,AB,AB,AB,AB,AB,AB,AB,AB,AB,AB,AB,AB,AB,AB,AB,AB
578,AB,AB,AB,AB,AB,AB,AB,AB,AB,AB,AB,AB,AB,AB,AB,AB,AB,AB,AB,AB,AB,AB,AB,AB,AB,AB,AB,AB,AB,AB,AB
579,AB,PR,PR,PR,PR,PR,PR,AB,PR,PR,PR,PR,HD,PR,PR,AB,PR,PR,PR,PR,PR,PR,PR,HD,AB,PR,PR,PR,PR,PR,PR
583,AB,AB,AB,AB,AB,AB,AB,AB,AB,AB,AB,AB,AB,AB,AB,AB,AB,AB,AB,AB,AB,AB,AB,AB,AB,AB,AB,AB,AB,AB,AB
584,AB,AB,AB,AB,AB,AB,AB,AB,AB,AB,AB,AB,AB,AB,AB,AB,AB,AB,AB,AB,AB,AB,AB,AB,AB,AB,AB,AB,AB,AB,AB
585,AB,AB,AB,AB,AB,AB,AB,AB,AB,AB,AB,AB,AB,AB,AB,AB,AB,AB,AB,AB,AB,AB,AB,AB,AB,AB,AB,AB,AB,AB,AB
586,AB,AB,AB,AB,AB,AB,AB,AB,AB,AB,AB,AB,AB,AB,AB,AB,AB,AB,AB,AB,AB,AB,AB,AB,AB,AB,AB,AB,AB,AB,AB
588,AB,AB,AB,AB,AB,AB,AB,AB,AB,AB,AB,AB,AB,AB,AB,AB,AB,AB,AB,AB,AB,AB,AB,AB,AB,AB,AB,AB,AB,AB,AB
589,AB,AB,AB,AB,AB,AB,AB,AB,AB,AB,AB,AB,AB,AB,AB,AB,AB,AB,AB,AB,AB,AB,AB,AB,AB,AB,AB,AB,AB,AB,AB
591,AB,AB,AB,AB,AB,AB,AB,AB,AB,AB,AB,AB,AB,AB,AB,AB,AB,AB,AB,AB,AB,AB,AB,AB,AB,AB,AB,AB,AB,AB,AB
593,AB,AB,AB,AB,AB,AB,AB,AB,AB,AB,AB,AB,AB,AB,AB,AB,AB,AB,AB,AB,AB,AB,AB,AB,AB,AB,AB,AB,AB,AB,AB
594,AB,AB,AB,AB,AB,AB,AB,AB,AB,AB,AB,AB,AB,AB,AB,AB,AB,AB,AB,AB,AB,AB,AB,AB,AB,AB,AB,AB,AB,AB,AB
595,AB,AB,AB,AB,AB,AB,AB,AB,AB,AB,AB,AB,AB,AB,AB,AB,AB,AB,AB,AB,AB,AB,AB,AB,AB,AB,AB,AB,AB,AB,AB
596,AB,AB,AB,AB,AB,AB,AB,AB,AB,AB,AB,AB,AB,AB,AB,AB,AB,AB,AB,AB,AB,AB,AB,AB,AB,AB,AB,AB,AB,AB,AB
597,PR,PR,AB,PR,PR,PR,PR,AB,PR,PR,HD,AB,PR,PR,PR,PR,PR,PR,PR,PR,PR,PR,HD,PR,PR,PR,PR,PR,PR,PR,PR
598,PR,PR,PR,PR,PR,PR,PR,PR,PR,HD,PR,PR,PR,PR,HD,PR,PR,PR,PR,PR,AB,HD,HD,PR,PR,HD,PR,PR,PR,HD,HD
599,AB,AB,AB,AB,AB,AB,AB,AB,AB,AB,AB,AB,AB,AB,AB,AB,AB,AB,AB,AB,AB,AB,AB,AB,AB,AB,AB,AB,AB,AB,AB
600,AB,AB,AB,AB,AB,AB,AB,AB,AB,AB,AB,AB,AB,AB,AB,AB,AB,AB,AB,AB,AB,AB,AB,AB,AB,AB,AB,AB,AB,AB,AB
601,PR,PR,PR,PR,PR,PR,PR,PR,PR,AB,AB,PR,PR,PR,PR,PR,PR,PR,PR,AB,AB,PR,PR,PR,PR,PR,PR,PR,PR,PR,PR
602,PR,PR,PR,PR,PR,PR,AB,AB,AB,AB,AB,PR,PR,PR,PR,AB,AB,AB,AB,AB,AB,AB,AB,AB,AB,AB,AB,AB,AB,AB,AB
603,AB,AB,AB,AB,AB,AB,AB,AB,AB,AB,AB,AB,AB,AB,AB,AB,AB,AB,AB,AB,AB,AB,AB,AB,AB,AB,AB,AB,AB,AB,AB
604,AB,AB,AB,AB,AB,AB,AB,AB,AB,AB,AB,AB,AB,AB,AB,AB,AB,AB,AB,AB,AB,AB,AB,AB,AB,AB,AB,AB,AB,AB,AB
605,AB,AB,AB,AB,AB,AB,AB,AB,AB,AB,AB,AB,AB,AB,AB,AB,AB,AB,AB,AB,AB,AB,AB,AB,AB,AB,AB,AB,AB,AB,AB
606,PR,PR,PR,PR,PR,PR,PR,AB,AB,PR,PR,PR,PR,PR,PR,PR,PR,PR,PR,PR,AB,AB,PR,PR,PR,PR,PR,AB,AB,PR,AB
607,AB,AB,AB,AB,AB,AB,AB,AB,AB,AB,AB,AB,AB,PR,PR,PR,PR,PR,PR,PR,PR,AB,PR,AB,PR,PR,PR,PR,PR,AB,PR
608,AB,AB,AB,AB,AB,AB,AB,AB,AB,AB,AB,AB,AB,AB,AB,AB,AB,AB,AB,AB,AB,AB,AB,AB,AB,AB,AB,AB,AB,AB,AB
609,AB,AB,AB,AB,AB,AB,AB,AB,AB,AB,AB,AB,AB,PR,PR,PR,PR,PR,PR,PR,AB,PR,PR,PR,PR,PR,PR,PR,PR,AB,PR
610,AB,AB,AB,AB,AB,AB,AB,AB,AB,AB,AB,AB,AB,PR,PR,PR,PR,PR,PR,AB,PR,PR,PR,PR,AB,PR,PR,PR,AB,PR,AB
611,AB,AB,AB,AB,AB,AB,AB,AB,AB,AB,AB,AB,AB,AB,AB,AB,AB,AB,AB,AB,AB,AB,AB,AB,AB,AB,AB,AB,AB,AB,AB
612,AB,AB,AB,AB,AB,AB,AB,AB,AB,AB,AB,AB,AB,AB,AB,AB,AB,AB,AB,AB,AB,AB,AB,AB,AB,AB,AB,AB,AB,AB,AB
613,AB,AB,AB,AB,AB,AB,AB,AB,AB,AB,AB,AB,AB,AB,AB,AB,AB,AB,AB,AB,AB,AB,AB,AB,AB,AB,AB,AB,AB,AB,AB
614,AB,AB,AB,AB,AB,AB,AB,AB,AB,AB,AB,AB,AB,AB,AB,AB,AB,AB,AB,AB,AB,AB,AB,AB,AB,AB,AB,AB,AB,AB,AB
615,PR,PR,PR,AB,PR,PR,PR,PR,PR,PR,AB,PR,PR,PR,PR,PR,PR,AB,PR,PR,PR,PR,PR,PR,AB,PR,PR,PR,PR,PR,PR
616,PR,PR,PR,AB,AB,PR,PR,PR,PR,PR,PR,PR,PR,PR,PR,PR,PR,PR,PR,PR,PR,PR,AB,PR,PR,AB,PR,PR,PR,HD,PR
617,AB,AB,AB,AB,AB,AB,AB,AB,AB,AB,AB,AB,AB,AB,AB,AB,AB,AB,AB,AB,AB,AB,AB,AB,AB,AB,AB,AB,AB,AB,AB
618,AB,AB,AB,AB,AB,AB,AB,AB,AB,AB,AB,AB,AB,AB,AB,AB,AB,AB,AB,AB,AB,AB,AB,AB,AB,AB,AB,AB,AB,AB,AB
619,AB,AB,AB,AB,AB,AB,AB,AB,AB,AB,AB,AB,AB,AB,AB,AB,AB,AB,AB,AB,AB,AB,AB,AB,AB,AB,AB,AB,AB,AB,AB
620,AB,AB,AB,AB,AB,AB,AB,AB,AB,AB,AB,AB,AB,AB,AB,AB,AB,AB,AB,AB,AB,AB,AB,AB,AB,AB,AB,AB,AB,AB,AB
621,AB,AB,AB,AB,AB,AB,AB,AB,AB,AB,AB,AB,AB,AB,AB,AB,AB,AB,AB,AB,AB,AB,AB,AB,AB,AB,AB,AB,AB,AB,AB
622,AB,AB,AB,AB,AB,AB,AB,AB,AB,AB,AB,AB,AB,AB,AB,AB,AB,AB,AB,AB,AB,AB,AB,AB,AB,AB,AB,AB,AB,AB,AB
623,AB,AB,AB,AB,AB,AB,AB,AB,AB,AB,AB,AB,AB,AB,AB,AB,AB,AB,AB,AB,AB,AB,AB,AB,AB,AB,AB,AB,AB,AB,AB
624,AB,AB,AB,AB,AB,AB,AB,AB,AB,AB,AB,AB,AB,AB,AB,AB,AB,AB,AB,AB,AB,AB,AB,AB,AB,AB,AB,AB,AB,AB,AB
625,AB,AB,AB,AB,AB,AB,AB,AB,AB,AB,AB,AB,AB,AB,AB,AB,AB,AB,AB,AB,AB,AB,AB,AB,AB,AB,AB,AB,AB,AB,AB
626,AB,AB,AB,AB,AB,AB,AB,AB,AB,AB,AB,AB,AB,AB,AB,AB,AB,AB,AB,AB,AB,AB,AB,AB,AB,AB,AB,AB,AB,AB,AB
627,PR,AB,AB,PR,PR,AB,AB,PR,PR,PR,PR,PR,PR,PR,HD,PR,PR,AB,PR,PR,PR,PR,PR,PR,AB,PR,PR,PR,AB,AB,AB
628,AB,AB,AB,AB,AB,AB,AB,AB,AB,AB,AB,AB,AB,AB,AB,AB,AB,AB,AB,AB,AB,AB,AB,AB,AB,AB,AB,AB,AB,AB,AB
629,AB,AB,AB,AB,AB,AB,AB,AB,AB,AB,AB,AB,AB,AB,AB,AB,AB,AB,AB,AB,AB,AB,AB,AB,AB,AB,AB,AB,AB,AB,AB
630,AB,AB,AB,AB,AB,AB,AB,AB,AB,AB,AB,AB,AB,AB,AB,AB,AB,AB,AB,AB,AB,AB,AB,AB,AB,AB,AB,AB,AB,AB,AB
631,AB,AB,AB,AB,AB,AB,AB,AB,AB,AB,AB,AB,AB,AB,AB,AB,AB,AB,AB,AB,AB,AB,AB,AB,AB,AB,AB,AB,AB,AB,AB
632,AB,AB,AB,AB,AB,AB,AB,AB,AB,AB,AB,AB,AB,AB,AB,AB,AB,AB,AB,AB,AB,AB,AB,AB,AB,AB,AB,AB,AB,AB,AB
633,HD,PR,AB,AB,AB,AB,AB,AB,AB,AB,AB,AB,AB,AB,AB,AB,AB,AB,AB,AB,AB,AB,AB,AB,AB,AB,AB,AB,AB,AB,AB
634,AB,AB,AB,AB,AB,AB,AB,AB,AB,AB,AB,AB,AB,AB,AB,AB,AB,AB,AB,AB,AB,AB,AB,AB,AB,AB,AB,AB,AB,AB,AB
635,AB,AB,AB,AB,AB,AB,AB,AB,AB,AB,AB,AB,AB,AB,AB,AB,AB,AB,AB,AB,AB,AB,AB,AB,AB,AB,AB,AB,AB,AB,AB
636,AB,AB,AB,AB,AB,AB,AB,AB,AB,AB,AB,AB,AB,AB,AB,AB,AB,AB,AB,AB,AB,AB,AB,AB,AB,AB,AB,AB,AB,AB,AB
637,AB,AB,AB,AB,AB,AB,AB,AB,AB,AB,AB,AB,AB,AB,AB,AB,AB,AB,AB,AB,AB,AB,AB,AB,AB,AB,AB,AB,AB,AB,AB
638,AB,AB,AB,AB,AB,AB,AB,AB,AB,AB,AB,AB,AB,AB,AB,AB,AB,AB,AB,AB,AB,AB,AB,AB,AB,AB,AB,AB,AB,AB,AB
639,AB,AB,AB,AB,AB,AB,AB,AB,AB,AB,AB,AB,AB,AB,AB,AB,AB,AB,AB,AB,AB,AB,AB,AB,AB,AB,AB,AB,AB,AB,AB
640,AB,AB,AB,AB,AB,AB,AB,AB,AB,AB,AB,AB,AB,AB,AB,AB,AB,AB,AB,AB,AB,AB,AB,AB,AB,AB,AB,AB,AB,AB,AB
641,PR,PR,PR,PR,PR,PR,PR,PR,PR,PR,PR,PR,PR,PR,PR,PR,AB,AB,AB,AB,PR,PR,PR,PR,PR,PR,PR,PR,PR,PR,PR
642,AB,AB,AB,AB,AB,AB,AB,AB,AB,AB,AB,AB,AB,AB,AB,AB,AB,AB,AB,AB,AB,AB,AB,AB,AB,AB,AB,AB,AB,AB,AB
643,AB,AB,AB,AB,AB,AB,AB,AB,AB,AB,AB,AB,AB,AB,AB,AB,AB,AB,AB,AB,AB,AB,AB,AB,AB,AB,AB,AB,AB,AB,AB
644,AB,AB,AB,AB,AB,AB,AB,AB,AB,AB,AB,AB,AB,AB,AB,AB,AB,AB,AB,AB,AB,AB,AB,AB,AB,AB,AB,AB,AB,AB,AB
645,AB,AB,AB,AB,AB,AB,AB,AB,AB,AB,AB,AB,AB,AB,AB,AB,AB,AB,AB,AB,AB,AB,AB,AB,AB,AB,AB,AB,AB,AB,AB
646,AB,AB,AB,AB,AB,AB,AB,AB,AB,AB,AB,AB,AB,AB,AB,AB,AB,AB,AB,AB,AB,AB,AB,AB,AB,AB,AB,AB,AB,AB,AB
647,PR,PR,PR,HD,PR,PR,PR,PR,PR,PR,PR,PR,AB,AB,AB,PR,PR,PR,PR,PR,PR,PR,PR,PR,AB,AB,AB,AB,AB,PR,PR
648,AB,AB,AB,AB,AB,AB,AB,AB,AB,AB,AB,AB,AB,AB,AB,AB,AB,AB,AB,AB,AB,AB,AB,AB,AB,AB,AB,AB,AB,AB,AB
649,AB,AB,AB,AB,AB,AB,AB,AB,AB,AB,AB,AB,AB,AB,AB,AB,AB,AB,AB,AB,AB,AB,AB,AB,AB,AB,AB,AB,AB,AB,AB
650,AB,AB,AB,AB,AB,AB,AB,AB,AB,AB,AB,AB,AB,AB,AB,AB,AB,AB,AB,AB,AB,AB,AB,AB,AB,AB,AB,AB,AB,AB,AB
651,AB,AB,AB,AB,AB,AB,AB,AB,AB,AB,AB,AB,AB,AB,AB,AB,AB,AB,AB,AB,AB,AB,AB,AB,AB,AB,AB,AB,AB,AB,AB
652,AB,AB,AB,AB,AB,AB,AB,AB,AB,AB,AB,AB,AB,AB,AB,AB,AB,AB,AB,AB,AB,AB,AB,AB,AB,AB,AB,AB,AB,AB,AB
653,AB,AB,AB,AB,AB,AB,AB,AB,AB,AB,AB,AB,AB,AB,AB,AB,AB,AB,AB,AB,AB,AB,AB,AB,AB,AB,AB,AB,AB,AB,AB
654,AB,AB,AB,AB,AB,AB,AB,AB,AB,AB,AB,AB,AB,AB,AB,AB,AB,AB,AB,AB,AB,AB,AB,AB,AB,AB,AB,AB,AB,AB,AB
655,AB,AB,AB,AB,AB,AB,AB,AB,AB,AB,AB,AB,AB,AB,AB,AB,AB,AB,AB,AB,AB,AB,AB,AB,AB,AB,AB,AB,AB,AB,AB
656,AB,AB,AB,AB,AB,AB,AB,AB,AB,AB,AB,AB,AB,AB,AB,AB,AB,AB,AB,AB,AB,AB,AB,AB,AB,AB,AB,AB,AB,AB,AB
657,AB,AB,AB,AB,AB,AB,AB,AB,AB,AB,AB,AB,AB,AB,AB,AB,AB,AB,AB,AB,AB,AB,AB,AB,AB,AB,AB,AB,AB,AB,AB
658,AB,AB,AB,AB,AB,AB,AB,AB,AB,AB,AB,AB,AB,AB,AB,AB,AB,AB,AB,AB,AB,AB,AB,AB,AB,AB,AB,AB,AB,AB,AB
659,PR,PR,PR,PR,PR,AB,PR,PR,PR,PR,PR,PR,AB,PR,PR,PR,PR,PR,PR,AB,PR,PR,PR,PR,PR,PR,AB,PR,PR,PR,PR
660,PR,PR,PR,AB,PR,PR,PR,PR,PR,PR,AB,PR,PR,PR,PR,PR,PR,AB,PR,PR,PR,PR,PR,PR,AB,PR,PR,PR,PR,PR,PR
661,AB,AB,AB,AB,AB,AB,AB,AB,AB,AB,AB,AB,AB,AB,AB,AB,AB,AB,AB,AB,AB,AB,AB,AB,AB,AB,AB,AB,AB,AB,AB
662,AB,AB,AB,AB,AB,AB,AB,AB,AB,AB,AB,AB,AB,AB,AB,AB,AB,AB,AB,AB,AB,AB,AB,AB,AB,AB,AB,AB,AB,AB,AB
663,AB,AB,AB,AB,AB,AB,AB,AB,AB,AB,AB,AB,AB,AB,AB,AB,AB,AB,AB,AB,AB,AB,AB,AB,AB,AB,AB,AB,AB,AB,AB
664,AB,AB,AB,AB,AB,AB,AB,AB,AB,AB,AB,AB,AB,AB,AB,AB,AB,AB,AB,AB,AB,AB,AB,AB,AB,AB,AB,AB,AB,AB,AB
665,AB,AB,AB,AB,AB,AB,AB,AB,AB,AB,AB,AB,AB,AB,AB,AB,AB,AB,AB,AB,AB,AB,AB,AB,AB,AB,AB,AB,AB,AB,AB
666,AB,AB,AB,AB,AB,AB,AB,AB,AB,AB,AB,AB,AB,AB,AB,AB,AB,AB,AB,AB,AB,AB,AB,AB,AB,AB,AB,AB,AB,AB,AB
667,AB,AB,AB,AB,AB,AB,AB,AB,AB,AB,AB,AB,AB,AB,AB,AB,AB,AB,AB,AB,AB,AB,AB,AB,AB,AB,AB,AB,AB,AB,AB
668,AB,AB,AB,AB,AB,AB,AB,AB,AB,AB,AB,AB,AB,AB,AB,AB,AB,AB,AB,AB,AB,AB,AB,AB,AB,AB,AB,AB,AB,AB,AB
669,AB,AB,AB,AB,AB,AB,AB,AB,AB,AB,AB,AB,AB,AB,AB,AB,AB,AB,AB,AB,AB,AB,AB,AB,AB,AB,AB,AB,AB,AB,AB
670,AB,AB,AB,AB,AB,AB,AB,AB,AB,AB,AB,AB,AB,AB,AB,AB,AB,AB,AB,AB,AB,AB,AB,AB,AB,AB,AB,AB,AB,AB,AB
671,AB,AB,AB,AB,AB,AB,AB,AB,AB,AB,AB,AB,AB,AB,AB,AB,AB,AB,AB,AB,AB,AB,AB,AB,AB,AB,AB,AB,AB,AB,AB
672,AB,AB,AB,AB,AB,AB,AB,AB,AB,AB,AB,AB,AB,AB,AB,AB,AB,AB,AB,AB,AB,AB,AB,AB,AB,AB,AB,AB,AB,AB,AB
673,AB,PR,AB,PR,PR,PR,PR,PR,PR,PR,PR,PR,PR,PR,PR,PR,PR,AB,PR,PR,PR,PR,PR,PR,AB,PR,PR,AB,AB,PR,HD
674,AB,AB,AB,AB,AB,AB,AB,AB,AB,AB,AB,AB,AB,AB,AB,AB,AB,AB,AB,AB,AB,AB,AB,AB,AB,AB,AB,AB,AB,AB,AB
675,AB,AB,AB,AB,AB,AB,AB,AB,AB,AB,AB,AB,AB,AB,AB,AB,AB,AB,AB,AB,AB,AB,AB,AB,AB,AB,AB,AB,AB,AB,AB
676,AB,AB,AB,AB,AB,AB,AB,AB,AB,AB,AB,AB,AB,AB,AB,AB,AB,AB,AB,AB,AB,AB,AB,AB,AB,AB,AB,AB,AB,AB,AB
677,AB,AB,AB,AB,AB,AB,AB,AB,AB,AB,AB,AB,AB,AB,AB,AB,AB,AB,AB,AB,AB,AB,AB,AB,AB,AB,AB,AB,AB,AB,AB
678,AB,AB,AB,AB,AB,AB,AB,AB,AB,AB,AB,AB,AB,AB,AB,AB,AB,AB,AB,AB,AB,AB,AB,AB,AB,AB,AB,AB,AB,AB,AB
679,PR,PR,PR,PR,PR,PR,PR,PR,PR,AB,PR,PR,PR,PR,PR,PR,PR,AB,PR,PR,PR,PR,AB,AB,AB,PR,PR,HD,PR,PR,HD
680,AB,AB,AB,AB,AB,AB,AB,AB,AB,AB,AB,AB,AB,AB,AB,AB,AB,AB,AB,AB,AB,AB,AB,AB,AB,AB,AB,AB,AB,AB,AB
681,AB,AB,AB,AB,AB,AB,AB,AB,AB,AB,AB,AB,AB,AB,AB,AB,AB,AB,AB,AB,AB,AB,AB,AB,AB,AB,AB,AB,AB,AB,AB
682,PR,PR,PR,PR,PR,PR,PR,PR,AB,PR,PR,PR,HD,PR,AB,PR,PR,PR,PR,PR,PR,PR,AB,PR,PR,PR,PR,AB,PR,PR,PR
683,AB,AB,AB,AB,AB,AB,AB,AB,AB,AB,AB,AB,AB,AB,AB,AB,AB,AB,AB,AB,AB,AB,AB,AB,AB,AB,AB,AB,AB,AB,AB
684,AB,AB,AB,AB,AB,AB,AB,AB,AB,AB,AB,AB,AB,AB,AB,AB,AB,AB,AB,AB,AB,AB,AB,AB,AB,AB,AB,AB,AB,AB,AB
685,PR,AB,PR,PR,PR,PR,PR,PR,AB,PR,PR,PR,PR,PR,PR,AB,AB,PR,PR,PR,PR,PR,AB,PR,PR,PR,PR,PR,PR,AB,PR
686,AB,AB,AB,AB,AB,AB,AB,AB,AB,AB,AB,AB,AB,AB,AB,AB,AB,AB,AB,AB,AB,AB,AB,AB,AB,AB,AB,AB,AB,AB,AB
687,AB,AB,AB,AB,AB,AB,AB,AB,AB,AB,AB,AB,AB,AB,AB,AB,AB,AB,AB,AB,AB,AB,AB,AB,AB,AB,AB,AB,AB,AB,AB
688,AB,AB,AB,AB,AB,AB,AB,AB,AB,AB,AB,AB,AB,AB,AB,AB,AB,AB,AB,AB,AB,AB,AB,AB,AB,AB,AB,AB,AB,AB,AB
689,AB,AB,AB,AB,AB,AB,AB,AB,AB,AB,AB,AB,AB,AB,AB,AB,AB,AB,AB,AB,AB,AB,AB,AB,AB,AB,AB,AB,AB,AB,AB
690,AB,AB,AB,AB,AB,AB,AB,AB,AB,AB,AB,AB,AB,AB,AB,AB,AB,AB,AB,AB,AB,AB,AB,AB,AB,AB,AB,AB,AB,AB,AB
691,AB,AB,AB,AB,AB,AB,AB,AB,AB,AB,AB,AB,AB,AB,AB,AB,AB,AB,AB,AB,AB,AB,AB,AB,AB,AB,AB,AB,AB,AB,AB
692,AB,AB,PR,PR,PR,PR,PR,PR,PR,PR,PR,HD,AB,AB,AB,AB,AB,AB,AB,AB,AB,AB,AB,AB,AB,AB,AB,AB,AB,AB,AB
693,AB,AB,AB,AB,AB,AB,AB,AB,AB,AB,AB,AB,PR,PR,PR,PR,PR,PR,PR,PR,PR,PR,PR,PR,PR,AB,PR,PR,PR,PR,PR
694,AB,AB,AB,AB,AB,AB,AB,AB,AB,AB,AB,AB,AB,AB,AB,AB,AB,AB,AB,AB,AB,AB,AB,AB,AB,AB,AB,AB,AB,AB,AB
695,PR,PR,PR,PR,PR,PR,PR,PR,PR,PR,PR,PR,PR,PR,PR,PR,PR,PR,PR,AB,AB,AB,PR,PR,PR,PR,AB,PR,PR,PR,PR
696,PR,PR,PR,PR,AB,PR,PR,PR,PR,PR,PR,AB,PR,PR,PR,PR,PR,AB,PR,PR,PR,PR,PR,HD,AB,AB,AB,AB,AB,AB,AB
697,AB,AB,AB,AB,AB,AB,AB,AB,AB,AB,AB,AB,AB,AB,AB,AB,AB,AB,AB,AB,AB,AB,AB,AB,AB,AB,AB,AB,AB,AB,AB
698,AB,AB,AB,AB,AB,AB,AB,AB,AB,AB,AB,AB,AB,AB,AB,AB,AB,AB,AB,AB,AB,AB,AB,AB,AB,AB,AB,AB,AB,AB,AB
699,AB,AB,AB,AB,AB,AB,AB,AB,AB,AB,AB,AB,AB,AB,AB,AB,AB,AB,AB,AB,AB,AB,AB,AB,AB,AB,AB,AB,AB,AB,AB
700,PR,PR,PR,PR,PR,AB,PR,HD,AB,PR,PR,AB,PR,PR,PR,PR,PR,PR,PR,PR,PR,PR,PR,PR,PR,PR,PR,PR,PR,PR,AB
701,AB,AB,AB,AB,AB,AB,AB,AB,AB,AB,AB,AB,AB,AB,AB,AB,AB,AB,AB,AB,AB,AB,AB,AB,AB,AB,AB,AB,AB,AB,AB
702,AB,AB,AB,AB,AB,AB,AB,AB,AB,AB,AB,AB,AB,AB,AB,AB,AB,AB,AB,AB,AB,AB,AB,AB,AB,AB,AB,AB,AB,AB,AB
703,PR,AB,PR,PR,PR,PR,PR,PR,PR,AB,PR,PR,AB,PR,PR,AB,PR,PR,PR,PR,PR,PR,AB,PR,PR,PR,PR,PR,PR,AB,PR
704,AB,AB,AB,AB,AB,AB,AB,AB,AB,AB,AB,AB,AB,AB,AB,AB,AB,AB,AB,AB,AB,AB,AB,AB,AB,AB,AB,AB,AB,AB,AB
705,PR,AB,PR,PR,PR,PR,PR,PR,AB,PR,PR,PR,PR,PR,PR,AB,PR,PR,PR,PR,PR,PR,AB,PR,PR,PR,PR,PR,PR,AB,PR
706,AB,AB,AB,AB,AB,AB,AB,AB,AB,AB,AB,AB,AB,AB,AB,AB,AB,AB,AB,AB,AB,AB,AB,AB,AB,AB,AB,AB,AB,AB,AB
707,PR,PR,PR,PR,PR,PR,PR,PR,PR,PR,PR,PR,AB,AB,AB,AB,AB,AB,AB,AB,AB,AB,AB,AB,AB,AB,AB,AB,AB,AB,AB
708,AB,AB,AB,AB,AB,AB,AB,AB,AB,AB,AB,AB,AB,AB,AB,AB,AB,AB,AB,AB,AB,AB,AB,AB,AB,AB,AB,AB,AB,AB,AB
709,AB,AB,AB,AB,AB,AB,AB,AB,AB,AB,AB,AB,AB,AB,AB,AB,AB,AB,AB,AB,AB,AB,AB,AB,AB,AB,AB,AB,AB,AB,AB
710,PR,PR,PR,PR,AB,PR,PR,PR,PR,PR,PR,AB,PR,PR,PR,PR,PR,PR,AB,PR,PR,PR,PR,PR,PR,AB,AB,PR,PR,PR,PR
711,PR,PR,PR,AB,PR,PR,PR,PR,PR,PR,PR,AB,PR,PR,PR,PR,PR,PR,AB,PR,PR,PR,PR,PR,PR,AB,PR,PR,PR,PR,PR
712,PR,AB,PR,PR,PR,PR,PR,PR,AB,PR,PR,PR,PR,PR,PR,AB,PR,PR,PR,PR,PR,PR,AB,PR,PR,PR,PR,PR,PR,AB,PR
713,AB,PR,PR,PR,PR,PR,PR,AB,PR,PR,PR,PR,PR,PR,AB,PR,PR,PR,PR,PR,PR,AB,PR,PR,PR,PR,PR,PR,AB,PR,PR
714,AB,AB,AB,AB,AB,AB,AB,AB,AB,AB,AB,AB,AB,AB,AB,AB,AB,AB,AB,AB,AB,AB,AB,AB,AB,AB,AB,AB,AB,AB,AB
715,AB,AB,AB,AB,AB,AB,AB,AB,AB,AB,AB,AB,AB,AB,AB,AB,AB,AB,AB,AB,AB,AB,AB,AB,AB,AB,AB,AB,AB,AB,AB
716,AB,PR,PR,PR,PR,PR,AB,PR,PR,PR,PR,PR,PR,PR,AB,PR,PR,PR,HD,PR,PR,HD,HD,PR,PR,HD,PR,PR,PR,PR,PR
717,AB,AB,AB,AB,AB,AB,AB,AB,AB,PR,PR,PR,PR,PR,PR,PR,PR,PR,PR,PR,PR,PR,PR,PR,PR,PR,PR,PR,PR,PR,PR
718,AB,AB,AB,AB,AB,AB,AB,AB,AB,AB,AB,AB,AB,AB,AB,AB,AB,AB,AB,AB,AB,AB,AB,AB,AB,AB,AB,AB,AB,AB,AB
719,AB,AB,AB,AB,AB,AB,AB,AB,AB,AB,AB,AB,AB,AB,AB,AB,AB,AB,AB,AB,AB,AB,AB,AB,AB,AB,AB,AB,AB,AB,AB
720,AB,AB,AB,AB,AB,AB,AB,AB,AB,AB,AB,AB,AB,AB,AB,AB,AB,AB,AB,AB,AB,AB,AB,AB,AB,AB,AB,AB,AB,AB,AB
721,AB,AB,AB,AB,AB,AB,AB,AB,AB,AB,AB,AB,AB,AB,AB,AB,AB,AB,AB,AB,AB,AB,AB,AB,AB,AB,AB,AB,AB,AB,AB
722,PR,PR,PR,PR,PR,PR,PR,PR,PR,AB,PR,PR,PR,PR,PR,PR,PR,PR,PR,PR,PR,PR,PR,AB,AB,AB,AB,AB,AB,AB,AB
723,PR,PR,PR,PR,AB,PR,PR,PR,AB,PR,PR,PR,PR,PR,PR,PR,AB,PR,PR,PR,PR,PR,PR,AB,PR,PR,PR,PR,PR,PR,PR
724,PR,PR,PR,PR,PR,PR,PR,PR,PR,PR,PR,AB,AB,AB,AB,AB,AB,AB,AB,AB,AB,AB,AB,AB,AB,AB,AB,AB,AB,AB,AB
725,AB,AB,AB,AB,AB,AB,AB,AB,AB,AB,AB,AB,AB,AB,AB,AB,AB,AB,AB,AB,AB,AB,AB,AB,AB,AB,AB,AB,AB,AB,AB
726,AB,AB,AB,AB,AB,AB,AB,AB,AB,AB,AB,AB,AB,AB,AB,AB,AB,AB,AB,AB,AB,AB,AB,AB,AB,AB,AB,AB,AB,AB,AB
727,AB,AB,AB,AB,AB,AB,AB,AB,AB,AB,AB,AB,AB,AB,AB,AB,AB,AB,AB,AB,AB,AB,AB,AB,AB,AB,AB,AB,AB,AB,AB
728,AB,AB,AB,AB,AB,AB,AB,AB,AB,AB,AB,AB,AB,AB,AB,AB,AB,AB,AB,AB,AB,AB,AB,AB,AB,AB,AB,AB,AB,AB,AB
729,AB,PR,PR,PR,PR,PR,PR,PR,PR,PR,PR,HD,PR,PR,PR,PR,PR,PR,PR,AB,PR,PR,PR,HD,HD,PR,PR,PR,PR,PR,HD
730,AB,AB,AB,AB,AB,AB,AB,AB,AB,AB,AB,AB,AB,AB,AB,AB,AB,AB,AB,AB,AB,AB,AB,AB,AB,AB,AB,AB,AB,AB,AB
731,PR,HD,PR,PR,PR,PR,PR,HD,PR,HD,HD,PR,PR,HD,PR,PR,AB,PR,PR,PR,PR,PR,HD,PR,HD,PR,HD,PR,PR,PR,PR
732,PR,PR,PR,PR,PR,PR,PR,PR,PR,PR,PR,PR,PR,PR,PR,PR,PR,PR,PR,PR,PR,PR,PR,PR,PR,PR,PR,PR,AB,PR,PR
733,AB,AB,AB,AB,AB,AB,AB,AB,AB,AB,AB,AB,AB,AB,AB,AB,AB,AB,AB,AB,AB,AB,AB,AB,AB,AB,AB,AB,AB,AB,AB
734,PR,AB,PR,PR,PR,PR,PR,PR,PR,PR,PR,PR,PR,PR,PR,PR,AB,PR,PR,PR,PR,AB,AB,PR,PR,PR,PR,PR,PR,PR,AB
735,PR,PR,PR,PR,PR,PR,PR,PR,PR,PR,PR,PR,AB,AB,AB,AB,AB,AB,AB,AB,AB,AB,AB,AB,AB,AB,AB,AB,AB,AB,AB
736,PR,PR,PR,PR,PR,AB,PR,PR,PR,PR,PR,PR,AB,PR,PR,PR,PR,PR,PR,PR,PR,PR,PR,PR,PR,AB,AB,PR,PR,PR,PR
737,PR,PR,PR,PR,AB,AB,PR,HD,PR,HD,AB,AB,AB,HD,HD,HD,PR,PR,AB,HD,HD,HD,AB,AB,AB,AB,AB,HD,PR,HD,HD
738,PR,PR,PR,PR,PR,PR,AB,PR,PR,PR,PR,AB,PR,PR,PR,PR,PR,PR,PR,PR,PR,PR,PR,PR,PR,PR,AB,AB,PR,PR,PR
739,AB,AB,AB,AB,AB,AB,AB,AB,AB,AB,AB,AB,AB,AB,AB,AB,AB,AB,AB,AB,AB,AB,AB,AB,AB,AB,AB,AB,AB,AB,AB
740,AB,AB,AB,AB,AB,AB,AB,AB,AB,AB,AB,AB,AB,AB,AB,AB,AB,AB,AB,AB,AB,AB,AB,AB,AB,AB,AB,AB,AB,AB,AB
741,AB,AB,AB,AB,AB,AB,AB,AB,AB,AB,AB,AB,AB,AB,AB,AB,AB,AB,AB,AB,AB,AB,AB,AB,AB,AB,AB,AB,AB,AB,AB
742,PR,PR,PR,PR,PR,PR,AB,PR,PR,PR,PR,PR,PR,PR,PR,PR,PR,PR,AB,PR,PR,PR,PR,PR,PR,PR,AB,PR,PR,PR,PR
743,PR,PR,PR,PR,PR,PR,PR,PR,PR,PR,PR,AB,AB,AB,AB,AB,AB,AB,AB,AB,AB,AB,AB,AB,AB,AB,AB,AB,AB,AB,AB
744,PR,PR,AB,PR,PR,PR,PR,PR,PR,AB,PR,PR,PR,PR,AB,PR,PR,PR,PR,PR,PR,AB,PR,PR,PR,PR,PR,PR,AB,PR,PR
745,AB,AB,AB,AB,AB,AB,AB,AB,AB,AB,AB,AB,AB,AB,AB,AB,AB,AB,PR,PR,PR,PR,PR,PR,PR,PR,PR,PR,PR,PR,AB
746,PR,PR,AB,AB,PR,PR,PR,PR,PR,AB,PR,PR,PR,PR,PR,PR,PR,AB,PR,PR,PR,PR,PR,PR,AB,PR,PR,PR,PR,PR,PR
747,PR,PR,HD,PR,PR,PR,PR,AB,PR,PR,PR,HD,AB,AB,AB,AB,AB,AB,AB,AB,AB,AB,AB,AB,AB,AB,AB,AB,AB,AB,AB
748,AB,AB,AB,AB,AB,AB,AB,AB,AB,AB,AB,AB,AB,AB,AB,AB,AB,AB,AB,AB,AB,AB,AB,AB,AB,AB,AB,AB,AB,AB,AB
749,PR,PR,PR,PR,PR,PR,PR,PR,PR,PR,PR,PR,PR,PR,AB,PR,PR,PR,PR,PR,PR,PR,PR,AB,AB,AB,PR,PR,PR,PR,PR
750,PR,PR,PR,PR,PR,PR,PR,PR,AB,AB,PR,PR,AB,AB,AB,AB,AB,AB,AB,AB,AB,AB,AB,AB,AB,AB,AB,AB,AB,AB,AB
751,PR,PR,PR,PR,PR,PR,PR,PR,PR,PR,PR,PR,PR,PR,PR,AB,PR,AB,PR,PR,PR,PR,PR,AB,AB,PR,PR,PR,PR,PR,PR
752,AB,AB,AB,AB,AB,AB,AB,AB,AB,AB,AB,AB,AB,AB,AB,AB,AB,AB,AB,AB,AB,AB,AB,AB,AB,AB,AB,AB,AB,AB,AB
753,AB,AB,AB,AB,AB,AB,AB,AB,AB,AB,AB,AB,AB,AB,AB,AB,AB,AB,AB,AB,AB,AB,AB,AB,AB,AB,AB,AB,AB,AB,AB
754,AB,AB,AB,AB,AB,AB,AB,AB,AB,AB,AB,AB,AB,AB,AB,AB,AB,AB,AB,AB,AB,AB,AB,AB,AB,AB,AB,AB,AB,AB,AB
755,AB,AB,AB,AB,AB,AB,AB,AB,AB,AB,AB,AB,AB,AB,AB,AB,AB,AB,AB,AB,AB,AB,AB,AB,AB,AB,AB,AB,AB,AB,AB
756,AB,AB,AB,AB,AB,AB,AB,AB,AB,AB,AB,AB,AB,AB,AB,AB,AB,AB,AB,AB,AB,AB,AB,AB,AB,AB,AB,AB,AB,AB,AB
757,AB,AB,AB,AB,AB,AB,AB,AB,AB,AB,AB,AB,AB,AB,AB,AB,AB,AB,AB,AB,AB,AB,AB,AB,AB,AB,AB,AB,AB,AB,AB
758,PR,AB,PR,PR,PR,AB,PR,PR,PR,PR,PR,AB,PR,PR,PR,PR,PR,PR,PR,AB,PR,AB,PR,PR,PR,AB,AB,PR,PR,PR,PR
759,PR,PR,PR,PR,PR,PR,PR,PR,AB,PR,PR,PR,PR,PR,PR,PR,AB,PR,PR,AB,AB,AB,AB,AB,AB,AB,AB,AB,AB,AB,AB
760,PR,PR,PR,PR,PR,PR,PR,AB,PR,PR,PR,PR,AB,PR,PR,PR,PR,PR,PR,PR,PR,PR,PR,PR,PR,PR,PR,PR,PR,PR,AB
761,AB,AB,AB,AB,AB,AB,AB,AB,AB,AB,AB,AB,AB,AB,AB,AB,AB,AB,AB,AB,AB,AB,AB,AB,AB,AB,AB,AB,AB,AB,AB
762,PR,PR,PR,PR,PR,PR,PR,PR,PR,PR,PR,PR,PR,PR,PR,PR,PR,PR,PR,PR,PR,PR,PR,PR,AB,AB,AB,AB,AB,PR,PR
763,AB,PR,PR,PR,PR,PR,AB,PR,PR,PR,PR,AB,PR,PR,PR,PR,AB,AB,AB,AB,PR,PR,PR,PR,PR,PR,PR,PR,PR,PR,PR
764,PR,PR,PR,PR,PR,PR,AB,PR,PR,PR,PR,PR,PR,AB,PR,PR,PR,PR,PR,AB,PR,PR,PR,PR,PR,PR,PR,AB,PR,PR,PR
765,PR,PR,PR,PR,PR,PR,PR,PR,AB,PR,PR,AB,PR,HD,HD,PR,PR,PR,AB,AB,PR,HD,PR,PR,AB,HD,PR,PR,PR,AB,PR
766,PR,PR,PR,AB,PR,PR,PR,PR,PR,PR,PR,AB,PR,PR,PR,PR,PR,PR,AB,PR,PR,PR,PR,PR,PR,AB,PR,PR,PR,PR,PR
767,AB,PR,AB,PR,PR,PR,AB,AB,AB,AB,PR,AB,AB,AB,AB,AB,AB,HD,PR,PR,PR,PR,PR,PR,HD,PR,PR,PR,PR,PR,PR
768,PR,PR,PR,PR,PR,AB,AB,PR,PR,PR,AB,PR,PR,PR,PR,PR,PR,PR,AB,PR,PR,AB,PR,PR,PR,AB,AB,PR,PR,PR,PR
769,PR,PR,AB,PR,PR,PR,PR,PR,PR,AB,PR,PR,PR,PR,PR,PR,AB,PR,PR,PR,PR,PR,PR,AB,AB,PR,PR,PR,PR,PR,AB
770,PR,PR,AB,PR,PR,PR,PR,PR,PR,PR,AB,AB,PR,PR,PR,PR,PR,PR,PR,PR,PR,PR,PR,PR,PR,AB,PR,PR,PR,PR,PR
771,PR,PR,PR,PR,AB,AB,PR,PR,PR,PR,PR,PR,AB,PR,PR,PR,PR,PR,PR,AB,PR,PR,PR,PR,PR,PR,AB,PR,PR,HD,AB
772,PR,PR,PR,AB,PR,PR,PR,PR,PR,PR,AB,AB,PR,PR,PR,PR,PR,AB,PR,AB,PR,PR,PR,PR,AB,AB,PR,PR,AB,PR,PR
773,AB,AB,AB,AB,AB,AB,AB,AB,AB,AB,AB,AB,AB,AB,AB,AB,AB,AB,AB,AB,AB,AB,AB,AB,AB,AB,AB,AB,PR,PR,AB
774,AB,AB,AB,AB,AB,AB,AB,AB,AB,AB,AB,AB,AB,AB,AB,AB,AB,AB,AB,AB,AB,AB,AB,AB,AB,AB,AB,AB,PR,PR,AB
775,AB,AB,AB,AB,AB,AB,AB,AB,AB,AB,AB,AB,AB,AB,AB,AB,AB,AB,AB,AB,AB,AB,AB,AB,AB,AB,AB,AB,AB,AB,AB
776,AB,AB,AB,AB,AB,AB,AB,AB,AB,AB,AB,AB,AB,AB,AB,AB,AB,AB,AB,AB,AB,AB,AB,AB,AB,AB,AB,AB,PR,PR,AB
777,AB,AB,AB,AB,AB,AB,AB,AB,AB,AB,AB,AB,AB,AB,AB,AB,AB,AB,AB,AB,AB,AB,AB,AB,AB,AB,AB,AB,AB,AB,PR
778,AB,AB,AB,AB,AB,AB,AB,AB,AB,AB,AB,AB,AB,AB,AB,AB,AB,AB,AB,AB,AB,AB,AB,AB,AB,AB,AB,AB,AB,PR,PR
